PMCID	section	paragraph	BERT_pred
PMC5628943	abstract	Large-scale sequencing efforts have captured a rapidly growing catalogue of genetic variations. However, the accurate establishment of gene variant pathogenicity remains a central challenge in translating personal genomics information to clinical decisions. Interferon Regulatory Factor 6 ( IRF6 ) gene variants are significant genetic contributors to orofacial clefts. Although approximately three hundred IRF6 gene variants have been documented, their effects on protein functions remain difficult to interpret. Here, we demonstrate the protein functions of human IRF6 missense gene variants could be rapidly assessed in detail by their abilities to rescue the irf6 -/- phenotype in zebrafish through variant mRNA microinjections at the one-cell stage. The results revealed many missense variants previously predicted by traditional statistical and computational tools to be loss-of-function and pathogenic retained partial or full protein function and rescued the zebrafish irf6 -/- periderm rupture phenotype. Through mRNA dosage titration and analysis of the Exome Aggregation Consortium (ExAC) database, IRF6 missense variants were grouped by their abilities to rescue at various dosages into three functional categories: wild type function, reduced function, and complete loss-of-function. This sensitive and specific biological assay was able to address the nuanced functional significances of IRF6 missense gene variants and overcome many limitations faced by current statistical and computational tools in assigning variant protein function and pathogenicity. Furthermore, it unlocked the possibility for characterizing yet undiscovered human IRF6 missense gene variants from orofacial cleft patients, and illustrated a generalizable functional genomics paradigm in personalized medicine.	1
PMC5628943	Introduction	The rapid development of next-generation sequencing technologies has ushered in a new era of personalized medicine for a myriad of diseases [ 1 ]. Large-scale consortia sequencing efforts have documented thousands of whole exomes and genomes from both disease patients and the general population, and captured a growing catalogue of genetic variations for statistical comparisons and analyses [ 2 ]. However, a frequent challenge in the analysis of human gene variants is the establishment of pathogenicity for disease, distinguishing disease-causing variants from the background of variants present across human populations that are rare and undetermined in function, but not actually pathogenic. Statistical methods based on the relative enrichment of certain gene variants in disease populations [ 3 – 6 ], and computational methods based on sequence conservation or structural information with limited biological data are often inadequate and provide conflicting results [ 7 , 8 ]. Indeed, false assignment of pathogenicity for gene variants is a critical challenge in translating knowledge gained from genome sequencing to clinical diagnoses and treatments. One focused resequencing study recently revealed that as many as 27% of previously published disease-causing variants were benign or lacked sufficient evidence for pathogenicity and therefore should be categorized as variants of unknown significance [ 9 ]. In addition, the Exome Aggregation Consortium (ExAC) recently published a study utilizing the largest aggregation of human exomes to reveal that while each person has an average of 54 variants in their genome that are currently annotated as pathogenic, as many as 41 of them are now observed to occur frequently in the human population and thus are unlikely to cause disease [ 10 ]. As the amount of exome/genome sequencing data continues to increase exponentially, it is crucial for candidate gene variants to undergo rigorous, multi-pronged evaluation before pathogenicity assignments. In addition to statistical (case-control association, familial segregation, population frequency, and etc.) and bioinformatic (evolutionary conservation, protein energetics, and etc.) methods, experimental approaches utilizing biological assays that directly test the protein functions of gene variants should be implemented to provide functional evidence that directly links gene variants to the pathogenesis of disease [ 11 ].	1
PMC5628943	Introduction	One well-studied example of a common congenital malformation associated with gene variants is that of orofacial clefts associated with the transcription factor Interferon Regulatory Factor 6 ( IRF6 , ENSG00000117595) [ 12 – 15 ]. Orofacial clefts are among the most common congenital malformations with an estimated incidence of approximately 1 in 700 births [ 16 ]. Pathogenic variants in IRF6 are among the most common genetic causes of cleft lip and/or palate (CL/P) [ 17 ] and are associated with both Van der Woude syndrome (VWS, OMIM 119300) and Popliteal Pterygium syndrome (PPS, OMIM 119500), autosomal dominant Mendelian disorders with variable penetrance and expressivity that are characterized by CL/P and skin abnormalities [ 12 ]. The IRF6 gene sequence is highly conserved across vertebrates and contains two functional domains, a helix-turn-helix DNA-binding domain and a SMIR/IAD protein-binding domain [ 12 , 18 ]. From murine studies, disruption of Irf6 led to a CL/P phenotype in addition to oral epithelial adhesions, poor epithelial barrier functions, and improper skin stratification, revealing a potentially important role for the oral epithelium in directing palate development [ 19 , 20 ]. Approximately 300 human IRF6 gene variants have been catalogued [ 15 ], and despite the wealth of structural and biological data for this well-described transcription factor, accurate determinations of variant protein functions and pathogenicity assignments associated with IRF6 gene variants remain significant challenges. Moreover, different computational programs use algorithms that weight various aspects of amino acid change differently and often provide conflicting predictions on protein function for the same missense mutation [ 21 ].	1
PMC5628943	Introduction	The large number of human IRF6 gene variants and its well-understood biology make IRF6 an ideal model to examine the challenges of assigning variant protein function and pathogenicity. In order to develop a rapid functional assay to determine the protein functions of a large number of IRF6 gene variants, we utilized a novel irf6 null zebrafish model by taking advantage of the finding that maternally-deposited irf6 transcripts are required for the proper development of the embryonic epithelium (periderm) during epiboly [ 22 ]. By using CRISPR-Cas9 to generate a zebrafish irf6 null model, we were able to establish maternal-null irf6 -/- homozygotes where 100% of the embryos lacked Irf6 and ruptured unless rescued by functional Irf6 protein. This irf6 rescue assay was used to test the protein functions of human IRF6 missense gene variants, and provide an additional line of biological evidence to help bridge the gap between gene variant identification and pathogenicity assignment.	1
PMC5628943	Results	To establish a zebrafish irf6 null model and investigate the role of irf6 in periderm and craniofacial development, CRISPR-Cas9 was used for mutagenesis targeted at exon 6 of irf6 at the start of the SMIR/IAD protein-binding domain ( Fig 1A ). CRISPR-injected P0 embryos were raised to adulthood, out-crossed with wild type Tü adults, and genotyped at the gRNA target site. A F1 line was identified containing an 8 bp deletion in exon 6 of the irf6 coding region (NC_007133.7(NM_200598.2):c.772_779del), here forward referred to as “Δ8bp” ( Fig 1A ). Heterozygous F1 embryos ( irf6 +/Δ8bp ) were in-crossed to produce wild type, heterozygous and homozygous progeny at the expected Mendelian ratios with normal embryonic and craniofacial development ( Fig 1B ).	1
PMC5628943	Results	(A) Zebrafish irf6 gene structure composed of eight exons, a helix-turn-helix DNA-binding domain (yellow), and a SMIR/IAD protein-binding domain (green). The CRISPR gRNA target site was located in exon 6 at the start of the protein-binding domain. Sanger sequencing of the target site revealed a -8bp deletion (Δ8bp) that created a frameshift and premature stop codon, truncating the protein to 29 kD as predicted by in silico translation. Another +5bp insertion was also identified. (B) Breeding pedigree revealed the irf6 mutant phenotype in F3 and the importance of maternal transcripts. (C) Top: western blot at the sphere stage (4 hpf) revealed a lack of Irf6 full-length (55 kD) or truncated (29 kD) protein in all maternal irf6 Δ8bp/Δ8bp embryos but not paternal irf6 Δ8bp/Δ8bp embryos or wild type embryos. Bottom: relative gene expression by RT-qPCR revealed a lack of irf6 mRNA transcripts in all maternal irf6 Δ8bp/Δ8bp embryos but comparable levels between wild type and paternal irf6 Δ8bp/Δ8bp embryos. Error bar = 2xSEM, n = 3. (D-D’) Wild type embryos at the sphere stage (4 hpf) (D) and at the 30% epiboly stage (5 hpf) (D’). (E-E’) Maternal irf6 Δ8bp/Δ8bp embryos at the sphere stage (4 hpf) (E) and displaying the periderm rupture phenotype at 5 hpf (E’). Scale bar = 250 μm. (F) Cross-sectional schematic through the embryonic midline illustrating the zebrafish embryo epiboly process. Arrows represent cell and yolk directional movements. Wild type embryos experience rapid cellular lamination and yolk doming between 4–5 hpf, while maternal-zygotic irf6 Δ8bp/Δ8bp embryos experience incomplete periderm differentiation and animal pole/yolk separation.	1
PMC5628943	Results	It has been previously reported through gene expression analysis and experiments involving dominant-negative Irf6 that maternal transcripts of irf6 , deposited in the oocyte cytoplasm during gametogenesis, were critical for proper periderm differentiation and epiboly progression [ 22 , 23 ]. The zebrafish periderm is an embryonic epithelium with many morphologic and molecular features similar to the mammalian embryonic oral epithelium that surrounds the facial prominences [ 24 , 25 ]. Based on these previous reports of irf6 maternal contributions, homozygous irf6 Δ8bp/Δ8bp F2 females were crossed with males of any genotype to produce heterozygous ( +/Δ8bp ) and homozygous ( Δ8bp/Δ8bp ) irf6 embryos that developed normally up to the sphere stage (4 hours post fertilization = hpf). However, shortly thereafter these maternal irf6 Δ8bp/Δ8bp embryos, regardless of genotype, failed to appropriately initiate epiboly compared to wild type embryos, resulting in the separation of the animal pole structures from the underlying yolk, periderm rupture, and embryonic lethality in 100% of embryos between 5–6 hpf ( Fig 1D, 1D’, 1E and 1E’ ). Conversely, when homozygous F2 males were crossed with wild type or heterozygous females, the resulting embryos underwent normal epiboly progression and embryonic development, confirming that maternal contributions of irf6 , even from heterozygous irf6 +/Δ8bp females, were sufficient for epiboly progression ( Fig 1B ). Another zebrafish irf6 line harboring a 5 bp insertion in exon 6 of the irf6 coding region was also identified from the same CRISPR-injected P0 embryos and produced the same set of phenotypes as the Δ8bp deletion line ( Fig 1A ).	1
PMC5628943	Results	The 8bp deletion in the irf6 coding region was predicted by in silico translation to cause a frameshift and nonsense mutation downstream of the CRISPR gRNA target site, truncating the resulting protein to 264 amino acids (29 kD) compared to the complete wild type 492 amino acids (55 kD) ( Fig 1A ). It has been previously reported that some missense and nonsense mutations in exon 6 of irf6 resulted in Irf6 proteins with dominant-negative activities [ 12 ]. Thus, in order to characterize the irf6 Δ8bp zebrafish model at the molecular level, RT-qPCR using primers specific to the irf6 5’ UTR overlapping the protein N-terminus was performed on zebrafish embryos at the sphere stage (4 hpf) from permutations of wild type and maternal/paternal homozygous irf6 Δ8bp/Δ8bp crosses. Transcript levels of irf6 were undetectable in all maternal irf6 Δ8bp/Δ8bp crosses at 4 hpf, regardless of whether the embryos were homozygous or heterozygous for the Δ8bp irf6 allele ( Fig 1C ). Conversely, the relative levels of irf6 transcripts in embryos from wild type and paternal irf6 Δ8bp/Δ8bp parents were comparable ( Fig 1C ). Western blot analysis using a polyclonal antibody specific for zebrafish Irf6 was performed and confirmed that Irf6 protein was undetectable in embryos from maternal irf6 Δ8bp/Δ8bp crosses but comparable between embryos from wild type and paternal irf6 Δ8bp/Δ8bp crosses ( Fig 1C ). Furthermore, all embryos from irf6 +/Δ8bp heterozygous females crossed with irf6 Δ8bp/Δ8bp homozygous males developed normally, when one would have expected them to rupture if the truncated Irf6 protein from the Δ8bp irf6 allele possessed dominant-negative activity because the maternal deposition of both wild type and Δ8bp irf6 transcripts in irf6 Δ8bp/Δ8bp embryos would have led to the manifestation of the periderm rupture phenotype ( Fig 1B ). Taken together, the results suggest that the Δ8bp deletion caused irf6 transcript destabilization and degradation in the oocyte cytoplasm, and significantly decreased Irf6 protein production, thus indicating that the Δ8bp irf6 allele generated by CRISPR is a null allele (from here forward “Δ8bp” is referred to as “–“).	1
PMC5628943	Results	The conservation of human IRF6 protein function in zebrafish provided an opportunity to assess the protein functions of human IRF6 missense gene variants. Over 300 IRF6 gene variants have been identified from human CL/P patients and approximately 50% are missense variants [ 15 ]. Two of the more commonly used computational prediction programs, PolyPhen-2 [ 28 ] and SIFT [ 29 ], were used to predict the effects of amino acid substitutions on the protein functions of IRF6 missense variants and segregate them into three categories: 1) both programs agree the variant disrupts protein function, resulting in a loss-of-function protein, 2) the programs disagree on the effects of the variant on protein function, and 3) both programs agree the variant does not disrupt protein function. Human IRF6 missense gene variants were then mapped to their corresponding nucleotides in the zebrafish irf6 cDNA by sequence conservation, in vitro transcribed into mRNA, and microinjected into maternal-null irf6 -/- zebrafish embryos to assess their ability to rescue the periderm rupture phenotype ( Fig 4A ). The results demonstrated that the computational programs did not offer a significant advantage in predicting the biological functions of variant Irf6 proteins ( Fig 4D–4F ). Variants that received conflicting predictions from PolyPhen-2 and SIFT also provided mixed results in their abilities to rescue ( Fig 4D ). Moreover, variants that were predicted by both computational programs to result in loss-of-function proteins were often able to experimentally rescue the rupture phenotype ( Fig 4E ). Lastly, missense gene variants that were predicted by both programs to be non-deleterious to protein function were also mixed in their abilities to rescue, further demonstrating the limitations of these computational programs at predicting protein function ( Fig 4F ). For example, the missense gene variant p.F252L that was predicted by both programs to be non-deleterious to protein function was unable to rescue the maternal-null irf6 -/- rupture phenotype ( Fig 4F ). When the experimentally tested IRF6 gene variants were grouped according to their abilities to rescue periderm rupture and mapped to the predicted human IRF6 protein structure (protein-binding domain and C-terminus) generated by ExPASy, the distribution of the amino acid residues suggested variants that could not rescue mostly resided in protein secondary structures and thus likely to disrupt protein conformation and function ( Fig 4C ). Conversely, amino acid residues for human IRF6 variants that retained protein function and rescued periderm rupture mostly mapped to regions without secondary structures ( Fig 4B ) and thus less likely to disrupt protein conformations critical for IRF6 function. In addition, the variants tested were re-examined for their genetic backgrounds and the numbers of individuals previously identified with the variant and this information was used to classify the variants according to the five-category system for variant pathogenicity established by the American College of Medical Genetics guidelines [ 30 ] ( Fig 4D–4F ). While no variants in the highest pathogenicity certainty category of “Pathogenic” were able to rescue the rupture phenotype, other variants with varying degrees of uncertainty in pathogenicity were mixed in their abilities to rescue ( Fig 4D–4F ). The only variant identified to be classified as “Benign”, p.V274I, was able to rescue the rupture phenotype ( Fig 4F ).	1
PMC5628943	Results	(A) Experimental approach for characterizing protein functions of human IRF6 missense gene variants. Variant mRNAs were synthesized and microinjected into maternal-null irf6 -/- embryos at the one-cell stage and assessed for phenotypic rescue at 24 hpf. (B-C) Protein modeling of the protein-binding domain and C-terminus of IRF6 using ExPASy with crystalline structures of IRF1. (B) is mapped with missense variant amino acid residues (green) whose mRNA rescued the periderm rupture phenotype, while (C) is mapped with missense variant amino acid residues (red) whose mRNA failed to rescue. (D-F) Results for functional rescue of periderm rupture with maternal-null irf6 -/- embryos for representative human IRF6 missense gene variants. Results were classified as rescued if any maternal-null irf6 -/- embryos injected with variant mRNA remained alive and phenotypically wild type at 24 hpf (50 embryos/round, n = 3). Missense gene variants were categorized by location within the IRF6 protein, and by computational results from PolyPhen-2 and SIFT on whether the in silico predictions agreed on the deleterious effects of the missense gene variants on protein function. Further shown are ACMG guideline pathogenicity predictions (pathogenic, likely pathogenic, uncertain, and benign), and the number of families identified for each variant (all gene variant annotations were based on NM_006147.3).	1
PMC5628943	Results	The human IRF6 missense gene variants functionally tested in this study could result in reduced function rather than complete loss-of-function proteins, thereby leaving open the possibility that while they can rescue the zebrafish maternal-null irf6 -/- rupture phenotype in this assay, their reduced function in vivo is sufficient to cause disease in humans. To address this possibility, the mRNA of wild type zebrafish irf6 , human IRF6 , and several missense gene variants were individually microinjected into maternal-null irf6 -/- embryos at the one-cell stage through a range of concentrations to establish a titration response curve for periderm rupture rescue ( Fig 5B ). To assist in the functional analysis of these IRF6 missense gene variants with potentially more nuanced functional changes, we utilized the significantly increased statistical power of rare human gene variant detection provided by the Exome Aggregation Consortium database of over 60,000 individuals [ 10 , 15 ]. In addition, we also examined the gnomAD database, a more recent effort from the same group which now extended to over 125,000 exomes and 15,000 whole genomes. From these databases, the IRF6 missense gene variants p.R45Q, p.R45W, p.G70R, p.V274I, p.D354N, and p.F369S were identified. Through various lines of evidence, the variant p.V274I was already considered benign by ACMG standards ( Fig 5A ). Indeed, 9,280 alleles of this gene variant (allele frequency 0.077) was found in ExAC distributed across all populations including Europeans, Africans, and Asians. p.D354N and p.F369S were found to be non-conserved in zebrafish irf6 and illustrates the possibility that the identities of these residues are not essential for IRF6 protein function. In addition, although p.D354N was previously identified in four VWS pedigrees, 37 alleles were also found in the ExAC/gnomAD database. Three other missense gene variants, p.R45Q, p.R45W, and p.G70R were identified as single alleles in the ExAC/gnomAD database and were able to rescue the periderm rupture phenotype of maternal-null irf6 -/- embryos. The small number of these alleles do not provide as strong of support for non-pathogenicity as p.V274I. But, their presence in ExAC/gnomAD does raise the possibility that these gene variants could retain protein function and potentially be non-pathogenic, and therefore should be functionally tested. The aforementioned variants, in addition to p.V274I and several others that were mixed in their ability to rescue were used in a mRNA microinjection dosage titration assay. Interestingly, the tested missense gene variants naturally segregated into three functional categories upon dosage titration. The variants identified in ExAC/gnomAD rescued to the same degree as wild type zebrafish and human IRF6 mRNA ( Fig 5B Green). Variants that were able to rescue in the periderm rupture assay but not found in ExAC/gnomAD were found to be reduced in protein function compared to wild type, rescuing a smaller percentage of embryos at each of the mRNA dosages tested ( Fig 5B Blue). These results are in contrast to the missense gene variants that could not rescue the rupture phenotype at any dosage tested, which were not found in ExAC/gnomAD or other public exome/genome databases, suggesting that they are complete loss-of-function variant proteins and likely pathogenic in human orofacial cleft patients.	1
PMC5628943	Results	(A) Identification and characterization of IRF6 missense gene variants in the ExAC and gnomAD databases. p.V274I alleles were identified in all populations. (B) mRNA dosage titration experiement results for a subset of missense gene variants correlating amount of variant mRNA microinjected to the percent of maternal-null irf6 -/- embryos rescued from rupture and undergoing normal embryonic development at 24 hpf. The missense variants were classified into three categories based on levels of protein function. No variant was identified in ExAC/gnomAD that could not rescue the periderm rupture phenotype. Error bar = 2xSEM, 50 embryos/round, n = 3.	1
PMC5628943	Results	Although the IRF6 missense gene variants that were not found in ExAC/gnomAD had reduced protein activities, they otherwise retained their biological functions and were not only able to rescue the zebrafish periderm rupture phenotype at high mRNA injection dosages, but also permitted normal embryonic development ( Fig 6 ). The variant mRNA-rescued maternal-null irf6 -/- embryos that otherwise would have ruptured were grown under standard conditions and resulted in not only phenotypically wild type craniofacial development ( Fig 6 ), but also in viable and fertile adults.	1
PMC5628943	Results	(A-T) Craniofacial morphologies of maternal-null irf6 -/- embryos rescued by human IRF6 missense gene variant mRNA microinjections (100 pg/embryo) at 96 hpf stained with alcian blue. (A-D) Uninjected wild type control. (E-H) p.P12L. (I-L) p.P76L. (M-P) p.T100A. (Q-T) p.P222L. Scale bars = 150 μm, n = 3.	1
PMC5628943	Discussion	While it is tremendously useful to document human genetic variations in genes associated with disease from a wide range of populations, as in the case of IRF6 for orofacial clefts, a key challenge in human genetics remains how to functionally ascertain whether coding sequence variations result in harmful alterations in protein function, and whether these functional changes are pathogenic for disease [ 5 , 6 ]. Statistical methods can provide support for the pathogenicity of gene variants by examining the segregation of pathogenic variants with disease status within affected families, or by examining the frequencies of the variants in the population or disease cases versus control [ 8 ]. However, such statistical methods do not test biological protein functions and are prone to biases, especially for rare gene variants. Distinct but unobserved pathogenic variants may be located on the same haplotype as the candidate rare variant and thus segregation analysis alone cannot unambiguously assign pathogenicity, especially in smaller pedigrees [ 1 ]. In addition, the incidence of CL/P is higher in regions of the world where whole exome and genome sequencing has not yet captured a large cross section of the normal population for use as controls. Due to this geographical clustering, many cases of newly discovered IRF6 gene variants cannot be statistically compared to public exome/genome databases because the population mismatch could over emphasize the relative rarity of certain gene variants and thereby their potential pathogenicity.	1
PMC5628943	Discussion	The experimental finding that human IRF6 mRNA could rescue not only periderm rupture in zebrafish maternal-null irf6 -/- embryos but also normal embryonic development and IRF6 gene regulatory network gene expression suggests that there is significant cross-species conservation in IRF6 protein structure and function. Taken together, our finding demonstrated that the zebrafish maternal-null irf6 -/- model could serve as a sensitive and specific platform for the rapid assessment of human IRF6 missense variant protein functions in a relevant in vivo context. This biological assay can complement the statistical analyses to form a more comprehensive picture in the process of assigning pathogenicity to IRF6 missense gene variants. This complementary approach is especially important for rare IRF6 gene variants identified in a small number of individuals often in a single pedigree. In the case of p.R45W, this gene variant was detected in a single VWS affected proband but also in his unaffected sibling and mother, leaving in question whether this missense variant is truly pathogenic or simply a rare benign variant that was annotated as pathogenic despite the imperfect variant co-segregation with disease which was previously attributed to incomplete penetrance and variable expressivity [ 35 ]. Although this interpretation is possible due to the variable expressivity of phenotypes exhibited by VWS patients in the same pedigree, other interpretations are possible such as a case where an unobserved pathogenic variant in a separate gene adjacent to IRF6 is on the same haplotype co-segregating with the p.R45W variant. This interpretation is further supported by the biological analysis of p.R45W variant protein function in the zebrafish model, which revealed that the p.R45W variant protein was able to rescue maternal-null irf6 -/- periderm rupture and function quantitatively to the same degree as wild type IRF6 ( Fig 5B ). While this experimental validation of p.R45W variant protein function does not conclusively exclude its potential pathogenicity in human patients, it does suggest that further biological evidence is needed before p.R45W can be annotated as pathogenic in public databases and used in the clinical diagnosis of VWS patients.	1
PMC5628943	Discussion	The functional genomics validation of IRF6 missense gene variant protein function presented in this study is complemented by rapid increases in statistical power for rare gene variant identification and pathogenicity assignment through expansions in large public exome/genome databases. More and more individuals are sequenced daily with advances in sequencing technologies and concomitantly decreasing sequencing costs. Several IRF6 missense gene variants previously unobserved in the general population and therefore thought to be pathogenic were identified in the ExAC/gnomAD databases [ 10 ], potentially weakening the statistical power of their pathogenicity assignments by ACMG standards. In addition, their discovery in the ExAC/gnomAD databases streamlined the variant protein functional validation process by identifying variants with the highest probability of ambiguous pathogenicity assignments for testing in our model. The zebrafish maternal-null irf6 -/- model allowed for the detection of subtle changes in IRF6 protein function such as reduced function variants through mRNA microinjection dosage titrations. The stability of variant mRNA and proteins could also be readily assessed through molecular biology techniques after mRNA microinjections. The missense variants p.R45Q, p.R45W, p.G70R, and p.V274I were able to not only rescue the periderm rupture phenotype of maternal-null irf6 -/- zebrafish embryos, but were also functionally indistinguishable from wild type zebrafish and human IRF6 in dosage titration, suggesting that the proteins produced from these missense variants retained full function. However, the pathogenicity of these variants cannot be conclusively determined with this IRF6 functional model due to the possibility that only a subset of IRF6 functions are conserved between human and zebrafish. Interestingly, the variants tested that were able to rescue in the embryo rupture assay and yet not found in the ExAC/gnomAD databases were reduced in protein function when compared to wild type zebrafish or human IRF6 . This result suggests that these missense gene variants are not complete loss-of-function variants but rather reduced in function, and thus still potentially pathogenic in humans because their reduced functions might be insufficient to prevent phenotype and disease onset. Lastly, the variants that were not able to rescue the maternal-null irf6 -/- periderm rupture at any of the dosages tested likely represent complete loss-of-function missense variants. These variants were not found in the ExAC/gnomAD databases, and their complete loss-of-function provide an additional line of biological evidence in support for their pathogenic status in human VWS patients. Because of the relatively small number of missense gene variants functionally tested through dosage titration in this study, no variant was discovered to be functionally wild type and yet not identified in the ExAC/gnomAD databases. Although the collection of sequenced exomes and genomes is continuously increasing, a larger control population still does not guarantee the discovery of rare gene variants previously thought to be pathogenic in human disease. In these situations, experimental validation of rare gene variant protein functions could bridge a gap in knowledge and provide additional biological insights to assist in variant pathogenicity assignments and improve their accuracies. While it is possible that only a subset of IRF6 protein functions are conserved in the zebrafish model and tested through this functional rescue assay, this model serves to provide novel insights into the effects of human IRF6 missense gene variants on IRF6 protein function, and complement current statistical and bioinformatics results.	1
PMC5628943	Others	Potential CRISPR gRNA target sites were identified using the CRISPR design program at (zifit.partners.org/ZiFiT/ and crispr.mit.edu). The irf6 exon 6 gRNA was generated by in vitro transcription from a T7 promoter as described [ 38 ]. Zebrafish optimized cas9 template DNA pT3TS-nls-zCas9-nls [ 39 ] was linearized using XbaI and purified using the QIAquick PCR purification kit (Qiagen). Capped cas9 mRNA was synthesized from a T3 promoter using the mMESSAGE mMACHINE T3 transcription kit (Ambion) and purified using the RNeasy mini kit (Qiagen). One-cell staged zebrafish embryos were injected directly in the cytoplasm with 2 nl of a solution containing 25 ng/μl of gRNA and 100 ng/μl of cas9 mRNA. Genomic DNA for genotyping was isolated from either whole 24 hpf embryos or tail fin clips using the HotSHOT method [ 40 ]. Genotyping primers flanking CRISPR target site were designed with a forward primer modified with 5’-FAM and submitted for microsatellite analysis to determine indel mutation size and frequencies. Sanger sequencing of the CRISPR target site was performed by cloning the genotyping PCR amplicon into pGEM-T easy (Promega) to validate the exact sequence changes from CRISPR mutagenesis.	1
PMC5628943	Others	Full-length zebrafish irf6 (NM_200598.2) and human IRF6 (NM_006147.3) cDNA was synthesized using GeneArt (Invitrogen) and sub-cloned into the pCS2+8 vector (Addgene #34931) at the EcoRV site in the MCS. IRF6 gene variants were identified in previously published literature and mapped to their corresponding nucleotides in the zebrafish irf6 cDNA. PCR-based site-directed mutagenesis was performed to generate pCS2+8 vectors containing irf6 missense gene variants using the Q5 site-directed mutagenesis kit (New England Biolabs) with amplification primers designed by the NEBaseChanger online tool ( http://nebasechanger.neb.com ). Plasmids containing irf6 missense gene variants were isolated using the QIAprep spin miniprep kit (Qiagen) and sequence verified with either complete plasmid sequencing or Sanger sequencing through the entire cDNA region.	1
PMC5628943	Others	Plasmids (pCS2+8 backbone) containing individual IRF6 missense gene variant cDNAs were linearized by NotI-HF and purified using QIAquick PCR purification columns (Qiagen). Variant mRNA was synthesized by in vitro transcription using the SP6 mMESSAGE mMACHINE transcription kit (Ambion) and linearized plasmids as template. cDNA template was digested using DNase I and variant mRNA was purified using the RNeasy mini kit (Qiagen) and quantified with either a NanoDrop spectrophotometer or Qubit fluorometer (Invitrogen). Variant mRNAs were diluted to 800 ng/μl and stored as aliquots in -80°C. For embryo microinjections, 2 nl of the injection mix was delivered directly into the cytoplasm of one-cell staged embryos with variant mRNA diluted to a final concentration of 50 ng/μl.	1
PMC5628943	Others	Human IRF6 missense gene variants were identified from previously published literature [ 15 ] and entered into PolyPhen-2 ( http://genetics.bwh.harvard.edu/pph2 ) and SIFT ( http://sift.jcvi.org ) for computational predictions of missense variant protein function. The ExPASy SWISS-MODEL online tool ( https://swissmodel.expasy.org ) was used to align the IRF6 amino acid sequence with the known crystalline structure of IRF1 to model the IRF6 SMIR/IAD protein-binding domain and C-terminus. The resulting protein structures were visualized using PyMOL. For statistical analysis of experimental data, error bars represent ±2x standard mean error (SEM), and statistical significance was interrogated using two-tailed Student’s T-tests with <0.05 as the P-value cut-off. For the identification of IRF6 missense variants from the ExAC database (exac.broadinstitute.org) and gnomAD database (gnomad.broadinstitute.org), IRF6 was queried and the results were sorted for missense gene variants.	1
